technique,accuracy
gen_knowledge,0.8285714285714286
cot,0.8142857142857143
one_shot,0.4714285714285714
few_shot,0.4
zero_shot,0.2857142857142857
