difficulty,cot,few_shot,gen_knowledge,one_shot,zero_shot
easy,0.9130434782608695,0.4782608695652174,0.8695652173913043,0.5652173913043478,0.2608695652173913
hard,0.7659574468085106,0.3617021276595745,0.8085106382978723,0.425531914893617,0.2978723404255319
